{"dist_to_exit": 16424.270350642284, "can_get_hurt": 0.0018244974519157492, "dist_to_monster": -0.009271452490177606, "can_win": -0.03886723057654045}