{"dist_to_exit": 58.770934219643706, "can_get_hurt": 0.008443527181124871, "dist_to_monster": 70.48773168352837, "can_win": 352.074324432661}