{"dist_to_exit": 70.31257506364904, "will_die": -173.7181199310492, "can_attack": 15.641945230357358}