{"dist_to_exit": 63.94526359615501, "will_die": -178.29847334268064, "can_attack": 7.541973548674377}