{"dist_to_exit": 118.86122090491753, "will_die": -196.9325077912148, "can_attack": 75.48115777418845}